ano,pais,gols_acumulados_ano_anterior,titulos_outros_acumulados_ano_anterior,ganhou_fifa
1961,Albania,0,0,0
1961,Austria,2,0,0
1961,Belgium,2,0,0
1961,Bulgaria,0,0,0
1961,Croatia,0,0,0
1961,Czech Republic,0,0,0
1961,Czechoslovakia,7,1,0
1961,Denmark,5,0,0
1961,England,11,1,0
1961,Finland,5,0,0
1961,France,13,1,0
1961,Georgia,0,0,0
1961,Germany,7,0,0
1961,Greece,0,0,0
1961,Hungary,0,0,0
1961,Iceland,0,0,0
1961,Italy,3,1,0
1961,Latvia,0,0,0
1961,Netherlands,0,0,0
1961,North Macedonia,0,0,0
1961,Northern Ireland,9,0,0
1961,Norway,9,0,0
1961,Poland,0,0,0
1961,Portugal,3,0,0
1961,Republic of Ireland,0,0,0
1961,Romania,0,0,0
1961,Russia,5,0,0
1961,Scotland,6,0,0
1961,Serbia,0,0,0
1961,Slovakia,0,0,0
1961,Slovenia,0,0,0
1961,Spain,0,0,0
1961,Sweden,8,1,0
1961,Switzerland,4,0,0
1961,Turkey,0,0,0
1961,Ukraine,0,0,0
1961,Wales,6,0,0
1961,Yugoslavia,12,0,0
1962,Albania,0,0,0
1962,Austria,2,0,0
1962,Belgium,3,0,0
1962,Bulgaria,7,1,0
1962,Croatia,0,0,0
1962,Czech Republic,0,0,0
1962,Czechoslovakia,27,1,0
1962,Denmark,19,0,0
1962,England,25,1,0
1962,Finland,12,0,0
1962,France,18,1,0
1962,Georgia,0,0,0
1962,Germany,11,0,0
1962,Greece,3,0,0
1962,Hungary,6,0,0
1962,Iceland,0,0,0
1962,Italy,3,1,0
1962,Latvia,0,0,0
1962,Netherlands,3,0,0
1962,North Macedonia,0,0,0
1962,Northern Ireland,16,0,0
1962,Norway,13,0,0
1962,Poland,2,0,0
1962,Portugal,4,0,0
1962,Republic of Ireland,3,0,0
1962,Romania,0,0,0
1962,Russia,16,0,0
1962,Scotland,29,0,0
1962,Serbia,0,0,0
1962,Slovakia,0,0,0
1962,Slovenia,0,0,0
1962,Spain,3,0,0
1962,Sweden,25,2,0
1962,Switzerland,11,0,0
1962,Turkey,4,0,0
1962,Ukraine,0,0,0
1962,Wales,14,0,0
1962,Yugoslavia,15,0,0
1963,Albania,0,0,0
1963,Austria,2,0,0
1963,Belgium,5,0,0
1963,Bulgaria,12,1,0
1963,Croatia,0,0,0
1963,Czech Republic,0,0,0
1963,Czechoslovakia,32,2,0
1963,Denmark,33,0,0
1963,England,34,2,0
1963,Finland,14,0,0
1963,France,19,1,0
1963,Georgia,0,0,0
1963,Germany,13,0,0
1963,Greece,3,0,0
1963,Hungary,17,0,0
1963,Iceland,3,0,0
1963,Italy,12,1,0
1963,Latvia,0,0,0
1963,Netherlands,6,0,0
1963,North Macedonia,0,0,0
1963,Northern Ireland,22,0,0
1963,Norway,19,0,0
1963,Poland,2,0,0
1963,Portugal,8,1,0
1963,Republic of Ireland,8,0,0
1963,Romania,3,0,0
1963,Russia,18,0,0
1963,Scotland,39,0,0
1963,Serbia,0,0,0
1963,Slovakia,0,0,0
1963,Slovenia,0,0,0
1963,Spain,10,0,0
1963,Sweden,36,3,0
1963,Switzerland,13,0,0
1963,Turkey,4,0,0
1963,Ukraine,0,0,0
1963,Wales,21,0,0
1963,Yugoslavia,20,0,0
1964,Albania,1,0,0
1964,Austria,4,0,0
1964,Belgium,5,0,0
1964,Bulgaria,15,1,0
1964,Croatia,0,0,0
1964,Czech Republic,0,0,0
1964,Czechoslovakia,32,2,0
1964,Denmark,44,0,0
1964,England,49,2,0
1964,Finland,17,0,0
1964,France,27,1,0
1964,Georgia,0,0,0
1964,Germany,13,0,0
1964,Greece,3,0,0
1964,Hungary,18,0,0
1964,Iceland,3,0,0
1964,Italy,14,1,0
1964,Latvia,0,0,0
1964,Netherlands,7,0,0
1964,North Macedonia,0,0,0
1964,Northern Ireland,29,0,0
1964,Norway,19,0,0
1964,Poland,2,0,0
1964,Portugal,8,1,0
1964,Republic of Ireland,11,0,0
1964,Romania,3,0,0
1964,Russia,21,0,0
1964,Scotland,44,1,0
1964,Serbia,0,0,0
1964,Slovakia,0,0,0
1964,Slovenia,0,0,0
1964,Spain,12,0,1
1964,Sweden,41,3,0
1964,Switzerland,14,0,0
1964,Turkey,4,0,0
1964,Ukraine,0,0,0
1964,Wales,27,0,0
1964,Yugoslavia,23,0,0
1965,Albania,1,0,0
1965,Austria,4,0,0
1965,Belgium,5,0,0
1965,Bulgaria,15,1,0
1965,Croatia,0,0,0
1965,Czech Republic,0,0,0
1965,Czechoslovakia,32,2,0
1965,Denmark,52,1,0
1965,England,55,2,0
1965,Finland,22,0,0
1965,France,30,1,0
1965,Georgia,0,0,0
1965,Germany,14,0,0
1965,Greece,9,1,0
1965,Hungary,27,0,0
1965,Iceland,3,0,0
1965,Italy,20,1,0
1965,Latvia,0,0,0
1965,Netherlands,11,0,0
1965,North Macedonia,0,0,0
1965,Northern Ireland,39,0,0
1965,Norway,22,0,0
1965,Poland,2,0,0
1965,Portugal,8,1,0
1965,Republic of Ireland,12,0,0
1965,Romania,3,0,0
1965,Russia,29,1,0
1965,Scotland,53,2,0
1965,Serbia,0,0,0
1965,Slovakia,0,0,0
1965,Slovenia,0,0,0
1965,Spain,23,0,0
1965,Sweden,49,3,0
1965,Switzerland,16,0,0
1965,Turkey,4,0,0
1965,Ukraine,0,0,0
1965,Wales,33,0,0
1965,Yugoslavia,23,0,0
1966,Albania,3,0,0
1966,Austria,4,0,0
1966,Belgium,11,0,0
1966,Bulgaria,20,2,0
1966,Croatia,0,0,0
1966,Czech Republic,0,0,0
1966,Czechoslovakia,44,2,0
1966,Denmark,63,1,0
1966,England,59,2,0
1966,Finland,32,0,0
1966,France,32,1,0
1966,Georgia,0,0,0
1966,Germany,16,0,0
1966,Greece,13,1,0
1966,Hungary,31,0,0
1966,Iceland,3,0,0
1966,Italy,31,1,0
1966,Latvia,0,0,0
1966,Netherlands,13,0,0
1966,North Macedonia,0,0,0
1966,Northern Ireland,50,0,0
1966,Norway,28,0,0
1966,Poland,13,0,0
1966,Portugal,17,1,0
1966,Republic of Ireland,14,0,0
1966,Romania,12,0,0
1966,Russia,48,1,0
1966,Scotland,66,3,0
1966,Serbia,0,0,0
1966,Slovakia,0,0,0
1966,Slovenia,0,0,0
1966,Spain,28,0,0
1966,Sweden,53,3,0
1966,Switzerland,21,0,0
1966,Turkey,8,0,0
1966,Ukraine,0,0,0
1966,Wales,50,0,0
1966,Yugoslavia,25,0,0
1967,Albania,3,0,0
1967,Austria,4,0,0
1967,Belgium,13,0,0
1967,Bulgaria,25,2,0
1967,Croatia,0,0,0
1967,Czech Republic,0,0,0
1967,Czechoslovakia,44,2,0
1967,Denmark,65,1,0
1967,England,78,3,0
1967,Finland,37,0,0
1967,France,35,1,0
1967,Georgia,0,0,0
1967,Germany,27,0,0
1967,Greece,15,1,0
1967,Hungary,44,0,0
1967,Iceland,3,0,0
1967,Italy,34,1,0
1967,Latvia,0,0,0
1967,Netherlands,17,0,0
1967,North Macedonia,0,0,0
1967,Northern Ireland,55,0,0
1967,Norway,34,0,0
1967,Poland,14,0,0
1967,Portugal,27,1,0
1967,Republic of Ireland,16,0,0
1967,Romania,17,0,0
1967,Russia,53,1,0
1967,Scotland,72,4,0
1967,Serbia,0,0,0
1967,Slovakia,0,0,0
1967,Slovenia,0,0,0
1967,Spain,33,1,0
1967,Sweden,61,4,0
1967,Switzerland,24,0,0
1967,Turkey,9,0,0
1967,Ukraine,0,0,0
1967,Wales,53,0,0
1967,Yugoslavia,25,0,0
1968,Albania,3,0,0
1968,Austria,12,0,0
1968,Belgium,17,0,0
1968,Bulgaria,31,2,0
1968,Croatia,0,0,0
1968,Czech Republic,0,0,0
1968,Czechoslovakia,52,2,0
1968,Denmark,77,2,0
1968,England,85,3,0
1968,Finland,41,0,0
1968,France,40,1,0
1968,Georgia,0,0,0
1968,Germany,36,0,0
1968,Greece,21,1,0
1968,Hungary,48,0,0
1968,Iceland,3,0,0
1968,Italy,41,2,1
1968,Latvia,0,0,0
1968,Netherlands,20,0,0
1968,North Macedonia,0,0,0
1968,Northern Ireland,56,0,0
1968,Norway,43,0,0
1968,Poland,22,0,0
1968,Portugal,32,1,0
1968,Republic of Ireland,19,0,0
1968,Romania,18,0,0
1968,Russia,69,1,0
1968,Scotland,78,5,0
1968,Serbia,0,0,0
1968,Slovakia,0,0,0
1968,Slovenia,0,0,0
1968,Spain,37,1,0
1968,Sweden,71,4,0
1968,Switzerland,33,0,0
1968,Turkey,11,0,0
1968,Ukraine,0,0,0
1968,Wales,55,0,0
1968,Yugoslavia,33,0,0
1969,Albania,3,0,0
1969,Austria,13,0,0
1969,Belgium,29,0,0
1969,Bulgaria,36,2,0
1969,Croatia,0,0,0
1969,Czech Republic,0,0,0
1969,Czechoslovakia,56,2,0
1969,Denmark,86,2,0
1969,England,91,3,0
1969,Finland,46,0,0
1969,France,42,1,0
1969,Georgia,0,0,0
1969,Germany,38,0,0
1969,Greece,25,1,0
1969,Hungary,50,0,0
1969,Iceland,3,0,0
1969,Italy,49,2,0
1969,Latvia,0,0,0
1969,Netherlands,20,0,0
1969,North Macedonia,0,0,0
1969,Northern Ireland,63,1,0
1969,Norway,50,0,0
1969,Poland,22,0,0
1969,Portugal,37,1,0
1969,Republic of Ireland,19,0,0
1969,Romania,20,0,0
1969,Russia,72,2,0
1969,Scotland,81,5,0
1969,Serbia,0,0,0
1969,Slovakia,0,0,0
1969,Slovenia,0,0,0
1969,Spain,39,1,0
1969,Sweden,82,4,0
1969,Switzerland,34,0,0
1969,Turkey,12,0,0
1969,Ukraine,0,0,0
1969,Wales,57,1,0
1969,Yugoslavia,50,0,0
1970,Albania,3,0,0
1970,Austria,15,0,0
1970,Belgium,31,0,0
1970,Bulgaria,41,2,0
1970,Croatia,0,0,0
1970,Czech Republic,0,0,0
1970,Czechoslovakia,68,3,0
1970,Denmark,97,2,0
1970,England,100,3,0
1970,Finland,53,0,0
1970,France,48,1,0
1970,Georgia,0,0,0
1970,Germany,43,0,0
1970,Greece,34,1,0
1970,Hungary,67,0,0
1970,Iceland,3,0,0
1970,Italy,53,2,0
1970,Latvia,0,0,0
1970,Netherlands,23,0,0
1970,North Macedonia,0,0,0
1970,Northern Ireland,65,1,0
1970,Norway,59,1,0
1970,Poland,28,0,0
1970,Portugal,40,1,0
1970,Republic of Ireland,22,0,0
1970,Romania,25,0,0
1970,Russia,80,2,0
1970,Scotland,91,5,0
1970,Serbia,0,0,0
1970,Slovakia,0,0,0
1970,Slovenia,0,0,0
1970,Spain,48,1,0
1970,Sweden,98,4,0
1970,Switzerland,38,0,0
1970,Turkey,13,0,0
1970,Ukraine,0,0,0
1970,Wales,62,1,0
1970,Yugoslavia,60,0,0
1971,Albania,4,0,0
1971,Austria,16,0,0
1971,Belgium,34,0,0
1971,Bulgaria,44,2,0
1971,Croatia,0,0,0
1971,Czech Republic,0,0,0
1971,Czechoslovakia,70,3,0
1971,Denmark,99,2,0
1971,England,108,3,0
1971,Finland,56,0,0
1971,France,51,1,0
1971,Georgia,0,0,0
1971,Germany,55,0,0
1971,Greece,34,1,0
1971,Hungary,70,0,0
1971,Iceland,3,0,0
1971,Italy,63,2,0
1971,Latvia,0,0,0
1971,Netherlands,24,0,0
1971,North Macedonia,0,0,0
1971,Northern Ireland,66,1,0
1971,Norway,65,2,0
1971,Poland,31,0,0
1971,Portugal,41,1,0
1971,Republic of Ireland,23,0,0
1971,Romania,30,0,0
1971,Russia,84,2,0
1971,Scotland,93,5,0
1971,Serbia,0,0,0
1971,Slovakia,0,0,0
1971,Slovenia,0,0,0
1971,Spain,51,1,0
1971,Sweden,103,4,0
1971,Switzerland,39,1,0
1971,Turkey,16,0,0
1971,Ukraine,0,0,0
1971,Wales,64,2,0
1971,Yugoslavia,61,0,0
1972,Albania,8,0,0
1972,Austria,29,0,0
1972,Belgium,43,0,0
1972,Bulgaria,54,2,0
1972,Croatia,0,0,0
1972,Czech Republic,0,0,0
1972,Czechoslovakia,80,3,0
1972,Denmark,106,3,0
1972,England,121,3,0
1972,Finland,58,0,0
1972,France,58,1,0
1972,Georgia,0,0,0
1972,Germany,64,0,1
1972,Greece,34,1,0
1972,Hungary,79,0,0
1972,Iceland,3,0,0
1972,Italy,70,2,0
1972,Latvia,0,0,0
1972,Netherlands,24,0,0
1972,North Macedonia,0,0,0
1972,Northern Ireland,69,2,0
1972,Norway,69,2,0
1972,Poland,38,0,0
1972,Portugal,50,1,0
1972,Republic of Ireland,25,0,0
1972,Romania,38,0,0
1972,Russia,88,2,0
1972,Scotland,97,5,0
1972,Serbia,0,0,0
1972,Slovakia,0,0,0
1972,Slovenia,0,0,0
1972,Spain,52,1,0
1972,Sweden,114,4,0
1972,Switzerland,43,1,0
1972,Turkey,18,1,0
1972,Ukraine,0,0,0
1972,Wales,69,2,0
1972,Yugoslavia,63,0,0
1973,Albania,8,0,0
1973,Austria,33,0,0
1973,Belgium,58,0,0
1973,Bulgaria,57,2,0
1973,Croatia,0,0,0
1973,Czech Republic,0,0,0
1973,Czechoslovakia,81,3,0
1973,Denmark,110,3,0
1973,England,127,3,0
1973,Finland,60,0,0
1973,France,60,1,0
1973,Georgia,0,0,0
1973,Germany,72,0,0
1973,Greece,34,1,0
1973,Hungary,87,1,0
1973,Iceland,4,0,0
1973,Italy,71,2,0
1973,Latvia,0,0,0
1973,Netherlands,33,0,0
1973,North Macedonia,0,0,0
1973,Northern Ireland,71,2,0
1973,Norway,74,2,0
1973,Poland,38,0,0
1973,Portugal,53,2,0
1973,Republic of Ireland,29,0,0
1973,Romania,45,0,0
1973,Russia,94,2,0
1973,Scotland,108,5,0
1973,Serbia,0,0,0
1973,Slovakia,0,0,0
1973,Slovenia,0,0,0
1973,Spain,55,1,0
1973,Sweden,119,5,0
1973,Switzerland,43,1,0
1973,Turkey,18,1,0
1973,Ukraine,0,0,0
1973,Wales,69,2,0
1973,Yugoslavia,70,0,0
1974,Albania,10,0,0
1974,Austria,38,0,0
1974,Belgium,60,0,0
1974,Bulgaria,63,2,0
1974,Croatia,0,0,0
1974,Czech Republic,0,0,0
1974,Czechoslovakia,90,3,0
1974,Denmark,113,4,0
1974,England,135,3,0
1974,Finland,62,0,0
1974,France,61,1,0
1974,Georgia,0,0,0
1974,Germany,72,0,0
1974,Greece,39,1,0
1974,Hungary,92,1,0
1974,Iceland,5,0,0
1974,Italy,74,2,0
1974,Latvia,0,0,0
1974,Netherlands,48,0,0
1974,North Macedonia,0,0,0
1974,Northern Ireland,77,3,0
1974,Norway,79,2,0
1974,Poland,44,0,0
1974,Portugal,58,2,0
1974,Republic of Ireland,30,0,0
1974,Romania,58,0,0
1974,Russia,97,2,0
1974,Scotland,113,5,0
1974,Serbia,0,0,0
1974,Slovakia,0,0,0
1974,Slovenia,0,0,0
1974,Spain,61,1,0
1974,Sweden,130,5,0
1974,Switzerland,43,1,0
1974,Turkey,25,2,0
1974,Ukraine,0,0,0
1974,Wales,72,2,0
1974,Yugoslavia,74,1,0
1975,Albania,10,0,0
1975,Austria,40,0,0
1975,Belgium,64,0,0
1975,Bulgaria,73,2,0
1975,Croatia,0,0,0
1975,Czech Republic,0,0,0
1975,Czechoslovakia,90,3,0
1975,Denmark,115,4,0
1975,England,141,3,0
1975,Finland,67,1,0
1975,France,62,1,0
1975,Georgia,0,0,0
1975,Germany,83,1,0
1975,Greece,47,2,0
1975,Hungary,92,1,0
1975,Iceland,5,0,0
1975,Italy,76,2,0
1975,Latvia,0,0,0
1975,Netherlands,59,0,0
1975,North Macedonia,0,0,0
1975,Northern Ireland,81,3,0
1975,Norway,84,2,0
1975,Poland,54,0,0
1975,Portugal,58,2,0
1975,Republic of Ireland,34,0,0
1975,Romania,61,1,0
1975,Russia,97,2,0
1975,Scotland,119,5,0
1975,Serbia,0,0,0
1975,Slovakia,0,0,0
1975,Slovenia,0,0,0
1975,Spain,65,1,0
1975,Sweden,138,5,0
1975,Switzerland,44,1,0
1975,Turkey,29,2,0
1975,Ukraine,0,0,0
1975,Wales,76,3,0
1975,Yugoslavia,81,2,0
1976,Albania,10,0,0
1976,Austria,41,0,0
1976,Belgium,65,0,0
1976,Bulgaria,74,2,0
1976,Croatia,0,0,0
1976,Czech Republic,0,0,0
1976,Czechoslovakia,98,3,1
1976,Denmark,119,4,0
1976,England,150,4,0
1976,Finland,71,1,0
1976,France,65,1,0
1976,Georgia,0,0,0
1976,Germany,86,1,0
1976,Greece,49,2,0
1976,Hungary,95,1,0
1976,Iceland,5,0,0
1976,Italy,78,2,0
1976,Latvia,0,0,0
1976,Netherlands,67,0,0
1976,North Macedonia,0,0,0
1976,Northern Ireland,87,3,0
1976,Norway,91,2,0
1976,Poland,58,0,0
1976,Portugal,60,2,0
1976,Republic of Ireland,41,0,0
1976,Romania,73,1,0
1976,Russia,107,2,0
1976,Scotland,132,5,0
1976,Serbia,0,0,0
1976,Slovakia,0,0,0
1976,Slovenia,0,0,0
1976,Spain,71,1,0
1976,Sweden,146,5,0
1976,Switzerland,48,1,0
1976,Turkey,31,2,0
1976,Ukraine,0,0,0
1976,Wales,83,3,0
1976,Yugoslavia,90,2,0
1977,Albania,10,0,0
1977,Austria,41,0,0
1977,Belgium,69,0,0
1977,Bulgaria,79,2,0
1977,Croatia,0,0,0
1977,Czech Republic,0,0,0
1977,Czechoslovakia,109,3,0
1977,Denmark,122,4,0
1977,England,162,4,0
1977,Finland,73,1,0
1977,France,69,1,0
1977,Georgia,0,0,0
1977,Germany,95,1,0
1977,Greece,50,2,0
1977,Hungary,96,1,0
1977,Iceland,5,0,0
1977,Italy,80,2,0
1977,Latvia,0,0,0
1977,Netherlands,81,0,0
1977,North Macedonia,0,0,0
1977,Northern Ireland,89,3,0
1977,Norway,95,3,0
1977,Poland,60,0,0
1977,Portugal,61,2,0
1977,Republic of Ireland,41,0,0
1977,Romania,76,2,0
1977,Russia,109,2,0
1977,Scotland,141,7,0
1977,Serbia,0,0,0
1977,Slovakia,0,0,0
1977,Slovenia,0,0,0
1977,Spain,73,1,0
1977,Sweden,160,5,0
1977,Switzerland,49,1,0
1977,Turkey,31,2,0
1977,Ukraine,0,0,0
1977,Wales,86,3,0
1977,Yugoslavia,97,2,0
1978,Albania,10,0,0
1978,Austria,43,0,0
1978,Belgium,73,0,0
1978,Bulgaria,85,2,0
1978,Croatia,0,0,0
1978,Czech Republic,0,0,0
1978,Czechoslovakia,111,3,0
1978,Denmark,130,4,0
1978,England,167,4,0
1978,Finland,76,1,0
1978,France,72,1,0
1978,Georgia,0,0,0
1978,Germany,95,1,0
1978,Greece,51,2,0
1978,Hungary,101,1,0
1978,Iceland,7,0,0
1978,Italy,89,2,0
1978,Latvia,0,0,0
1978,Netherlands,89,0,0
1978,North Macedonia,0,0,0
1978,Northern Ireland,96,3,0
1978,Norway,98,3,0
1978,Poland,67,0,0
1978,Portugal,66,2,0
1978,Republic of Ireland,43,0,0
1978,Romania,87,2,0
1978,Russia,114,2,0
1978,Scotland,151,8,0
1978,Serbia,0,0,0
1978,Slovakia,0,0,0
1978,Slovenia,0,0,0
1978,Spain,76,2,0
1978,Sweden,165,5,0
1978,Switzerland,51,1,0
1978,Turkey,34,2,0
1978,Ukraine,0,0,0
1978,Wales,91,3,0
1978,Yugoslavia,103,2,0
1979,Albania,10,0,0
1979,Austria,56,0,0
1979,Belgium,75,0,0
1979,Bulgaria,88,2,0
1979,Croatia,0,0,0
1979,Czech Republic,0,0,0
1979,Czechoslovakia,114,3,0
1979,Denmark,143,5,0
1979,England,177,5,0
1979,Finland,84,1,0
1979,France,78,1,0
1979,Georgia,0,0,0
1979,Germany,99,1,0
1979,Greece,64,2,0
1979,Hungary,107,1,0
1979,Iceland,7,0,0
1979,Italy,96,2,0
1979,Latvia,0,0,0
1979,Netherlands,106,0,0
1979,North Macedonia,0,0,0
1979,Northern Ireland,101,3,0
1979,Norway,103,3,0
1979,Poland,71,0,0
1979,Portugal,70,2,0
1979,Republic of Ireland,47,0,0
1979,Romania,94,2,0
1979,Russia,116,2,0
1979,Scotland,161,8,0
1979,Serbia,0,0,0
1979,Slovakia,0,0,0
1979,Slovenia,0,0,0
1979,Spain,81,2,0
1979,Sweden,171,5,0
1979,Switzerland,52,1,0
1979,Turkey,35,2,0
1979,Ukraine,0,0,0
1979,Wales,95,4,0
1979,Yugoslavia,110,3,0
1980,Albania,10,0,0
1980,Austria,64,0,0
1980,Belgium,85,0,0
1980,Bulgaria,92,2,0
1980,Croatia,0,0,0
1980,Czech Republic,0,0,0
1980,Czechoslovakia,121,3,0
1980,Denmark,148,6,0
1980,England,197,5,0
1980,Finland,88,1,0
1980,France,83,1,0
1980,Georgia,0,0,0
1980,Germany,108,2,1
1980,Greece,65,2,0
1980,Hungary,112,1,0
1980,Iceland,8,0,0
1980,Italy,96,2,0
1980,Latvia,0,0,0
1980,Netherlands,114,0,0
1980,North Macedonia,0,0,0
1980,Northern Ireland,106,3,0
1980,Norway,107,3,0
1980,Poland,78,0,0
1980,Portugal,75,2,0
1980,Republic of Ireland,52,0,0
1980,Romania,97,2,0
1980,Russia,121,2,0
1980,Scotland,169,8,0
1980,Serbia,0,0,0
1980,Slovakia,0,0,0
1980,Slovenia,0,0,0
1980,Spain,83,2,0
1980,Sweden,175,5,0
1980,Switzerland,56,1,0
1980,Turkey,36,2,0
1980,Ukraine,0,0,0
1980,Wales,100,4,0
1980,Yugoslavia,113,3,0
1981,Albania,13,0,0
1981,Austria,72,0,0
1981,Belgium,91,0,0
1981,Bulgaria,97,2,0
1981,Croatia,0,0,0
1981,Czech Republic,0,0,0
1981,Czechoslovakia,128,3,0
1981,Denmark,153,6,0
1981,England,213,6,0
1981,Finland,89,1,0
1981,France,85,1,0
1981,Georgia,0,0,0
1981,Germany,117,2,0
1981,Greece,67,2,0
1981,Hungary,112,1,0
1981,Iceland,12,0,0
1981,Italy,104,3,0
1981,Latvia,0,0,0
1981,Netherlands,119,0,0
1981,North Macedonia,0,0,0
1981,Northern Ireland,112,3,0
1981,Norway,117,4,0
1981,Poland,78,0,0
1981,Portugal,77,2,0
1981,Republic of Ireland,55,0,0
1981,Romania,104,3,0
1981,Russia,128,2,0
1981,Scotland,175,9,0
1981,Serbia,0,0,0
1981,Slovakia,0,0,0
1981,Slovenia,0,0,0
1981,Spain,85,2,0
1981,Sweden,177,5,0
1981,Switzerland,58,1,0
1981,Turkey,37,2,0
1981,Ukraine,0,0,0
1981,Wales,113,4,0
1981,Yugoslavia,118,3,0
1982,Albania,14,0,0
1982,Austria,80,0,0
1982,Belgium,96,0,0
1982,Bulgaria,103,2,0
1982,Croatia,0,0,0
1982,Czech Republic,0,0,0
1982,Czechoslovakia,141,3,0
1982,Denmark,166,7,0
1982,England,219,6,0
1982,Finland,97,1,0
1982,France,92,1,0
1982,Georgia,0,0,0
1982,Germany,147,2,0
1982,Greece,72,2,0
1982,Hungary,125,1,0
1982,Iceland,18,0,0
1982,Italy,108,3,0
1982,Latvia,0,0,0
1982,Netherlands,126,0,0
1982,North Macedonia,0,0,0
1982,Northern Ireland,114,3,0
1982,Norway,124,4,0
1982,Poland,78,0,0
1982,Portugal,80,2,0
1982,Republic of Ireland,60,0,0
1982,Romania,106,3,0
1982,Russia,141,2,0
1982,Scotland,182,10,0
1982,Serbia,0,0,0
1982,Slovakia,0,0,0
1982,Slovenia,0,0,0
1982,Spain,85,2,0
1982,Sweden,185,5,0
1982,Switzerland,65,1,0
1982,Turkey,37,2,0
1982,Ukraine,0,0,0
1982,Wales,118,4,0
1982,Yugoslavia,128,4,0
1983,Albania,14,0,0
1983,Austria,93,0,0
1983,Belgium,103,0,0
1983,Bulgaria,105,2,0
1983,Croatia,0,0,0
1983,Czech Republic,0,0,0
1983,Czechoslovakia,146,3,0
1983,Denmark,173,7,0
1983,England,235,7,0
1983,Finland,102,1,0
1983,France,104,1,0
1983,Georgia,0,0,0
1983,Germany,154,2,0
1983,Greece,72,2,0
1983,Hungary,126,1,0
1983,Iceland,19,0,0
1983,Italy,115,4,0
1983,Latvia,0,0,0
1983,Netherlands,129,0,0
1983,North Macedonia,0,0,0
1983,Northern Ireland,120,3,0
1983,Norway,133,5,0
1983,Poland,88,0,0
1983,Portugal,84,2,0
1983,Republic of Ireland,66,0,0
1983,Romania,108,3,0
1983,Russia,146,2,0
1983,Scotland,188,10,0
1983,Serbia,0,0,0
1983,Slovakia,0,0,0
1983,Slovenia,0,0,0
1983,Spain,92,2,0
1983,Sweden,188,5,0
1983,Switzerland,67,1,0
1983,Turkey,38,2,0
1983,Ukraine,0,0,0
1983,Wales,126,4,0
1983,Yugoslavia,135,4,0
1984,Albania,18,0,0
1984,Austria,97,0,0
1984,Belgium,105,0,0
1984,Bulgaria,110,2,0
1984,Croatia,0,0,0
1984,Czech Republic,0,0,0
1984,Czechoslovakia,150,3,0
1984,Denmark,180,7,0
1984,England,244,7,0
1984,Finland,103,1,0
1984,France,104,1,1
1984,Georgia,0,0,0
1984,Germany,169,2,0
1984,Greece,77,2,0
1984,Hungary,132,1,0
1984,Iceland,19,0,0
1984,Italy,115,4,0
1984,Latvia,0,0,0
1984,Netherlands,137,0,0
1984,North Macedonia,0,0,0
1984,Northern Ireland,129,4,0
1984,Norway,135,5,0
1984,Poland,90,0,0
1984,Portugal,91,2,0
1984,Republic of Ireland,71,0,0
1984,Romania,111,3,0
1984,Russia,155,2,0
1984,Scotland,193,10,0
1984,Serbia,0,0,0
1984,Slovakia,0,0,0
1984,Slovenia,0,0,0
1984,Spain,97,2,0
1984,Sweden,197,6,0
1984,Switzerland,72,1,0
1984,Turkey,45,2,0
1984,Ukraine,0,0,0
1984,Wales,130,4,0
1984,Yugoslavia,141,5,0
1985,Albania,23,1,0
1985,Austria,99,0,0
1985,Belgium,112,0,0
1985,Bulgaria,110,2,0
1985,Croatia,0,0,0
1985,Czech Republic,0,0,0
1985,Czechoslovakia,151,3,0
1985,Denmark,193,7,0
1985,England,259,7,0
1985,Finland,107,1,0
1985,France,119,1,0
1985,Georgia,0,0,0
1985,Germany,173,2,0
1985,Greece,78,2,0
1985,Hungary,137,1,0
1985,Iceland,21,0,0
1985,Italy,115,4,0
1985,Latvia,0,0,0
1985,Netherlands,138,0,0
1985,North Macedonia,0,0,0
1985,Northern Ireland,135,4,0
1985,Norway,137,5,0
1985,Poland,95,0,0
1985,Portugal,99,2,0
1985,Republic of Ireland,72,0,0
1985,Romania,115,3,0
1985,Russia,156,2,0
1985,Scotland,202,10,0
1985,Serbia,0,0,0
1985,Slovakia,0,0,0
1985,Slovenia,0,0,0
1985,Spain,105,2,0
1985,Sweden,200,6,0
1985,Switzerland,74,1,0
1985,Turkey,46,2,0
1985,Ukraine,0,0,0
1985,Wales,135,4,0
1985,Yugoslavia,143,5,0
1986,Albania,24,1,0
1986,Austria,100,0,0
1986,Belgium,118,0,0
1986,Bulgaria,114,2,0
1986,Croatia,0,0,0
1986,Czech Republic,0,0,0
1986,Czechoslovakia,157,3,0
1986,Denmark,206,7,0
1986,England,267,7,0
1986,Finland,110,1,0
1986,France,121,1,0
1986,Georgia,0,0,0
1986,Germany,184,2,0
1986,Greece,82,2,0
1986,Hungary,140,1,0
1986,Iceland,23,0,0
1986,Italy,115,4,0
1986,Latvia,0,0,0
1986,Netherlands,142,1,0
1986,North Macedonia,0,0,0
1986,Northern Ireland,138,4,0
1986,Norway,139,5,0
1986,Poland,100,0,0
1986,Portugal,101,2,0
1986,Republic of Ireland,76,0,0
1986,Romania,125,3,0
1986,Russia,171,3,0
1986,Scotland,205,11,0
1986,Serbia,0,0,0
1986,Slovakia,0,0,0
1986,Slovenia,0,0,0
1986,Spain,110,2,0
1986,Sweden,205,6,0
1986,Switzerland,77,1,0
1986,Turkey,47,2,0
1986,Ukraine,0,0,0
1986,Wales,140,4,0
1986,Yugoslavia,147,5,0
1987,Albania,25,1,0
1987,Austria,103,0,0
1987,Belgium,128,0,0
1987,Bulgaria,116,2,0
1987,Croatia,0,0,0
1987,Czech Republic,0,0,0
1987,Czechoslovakia,160,3,0
1987,Denmark,211,7,0
1987,England,277,8,0
1987,Finland,111,1,0
1987,France,131,1,0
1987,Georgia,0,0,0
1987,Germany,188,2,0
1987,Greece,85,2,0
1987,Hungary,141,1,0
1987,Iceland,24,0,0
1987,Italy,119,4,0
1987,Latvia,0,0,0
1987,Netherlands,143,1,0
1987,North Macedonia,0,0,0
1987,Northern Ireland,139,4,0
1987,Norway,139,5,0
1987,Poland,103,0,0
1987,Portugal,104,2,0
1987,Republic of Ireland,78,0,0
1987,Romania,129,3,0
1987,Russia,188,3,0
1987,Scotland,207,11,0
1987,Serbia,0,0,0
1987,Slovakia,0,0,0
1987,Slovenia,0,0,0
1987,Spain,121,3,0
1987,Sweden,208,6,0
1987,Switzerland,80,1,0
1987,Turkey,47,2,0
1987,Ukraine,0,0,0
1987,Wales,141,4,0
1987,Yugoslavia,151,5,0
1988,Albania,26,1,0
1988,Austria,106,0,0
1988,Belgium,132,0,0
1988,Bulgaria,120,2,0
1988,Croatia,0,0,0
1988,Czech Republic,0,0,0
1988,Czechoslovakia,164,3,0
1988,Denmark,214,7,0
1988,England,291,8,0
1988,Finland,114,1,0
1988,France,135,1,0
1988,Georgia,0,0,0
1988,Germany,188,2,0
1988,Greece,87,2,0
1988,Hungary,151,1,0
1988,Iceland,27,0,0
1988,Italy,125,4,0
1988,Latvia,0,0,0
1988,Netherlands,151,1,1
1988,North Macedonia,0,0,0
1988,Northern Ireland,141,4,0
1988,Norway,143,5,0
1988,Poland,109,0,0
1988,Portugal,105,2,0
1988,Republic of Ireland,82,0,0
1988,Romania,138,3,0
1988,Russia,192,3,0
1988,Scotland,211,11,0
1988,Serbia,0,0,0
1988,Slovakia,0,0,0
1988,Slovenia,0,0,0
1988,Spain,132,3,0
1988,Sweden,211,6,0
1988,Switzerland,81,1,0
1988,Turkey,49,2,0
1988,Ukraine,0,0,0
1988,Wales,147,4,0
1988,Yugoslavia,160,6,0
1989,Albania,27,1,0
1989,Austria,110,0,0
1989,Belgium,133,0,0
1989,Bulgaria,122,2,0
1989,Croatia,0,0,0
1989,Czech Republic,0,0,0
1989,Czechoslovakia,164,3,0
1989,Denmark,218,7,0
1989,England,294,9,0
1989,Finland,116,1,0
1989,France,140,1,0
1989,Georgia,0,0,0
1989,Germany,199,2,0
1989,Greece,88,2,0
1989,Hungary,152,1,0
1989,Iceland,29,0,0
1989,Italy,129,4,0
1989,Latvia,0,0,0
1989,Netherlands,160,1,0
1989,North Macedonia,0,0,0
1989,Northern Ireland,141,4,0
1989,Norway,144,5,0
1989,Poland,110,0,0
1989,Portugal,105,2,0
1989,Republic of Ireland,84,0,0
1989,Romania,144,3,0
1989,Russia,202,3,0
1989,Scotland,214,11,0
1989,Serbia,0,0,0
1989,Slovakia,0,0,0
1989,Slovenia,0,0,0
1989,Spain,141,4,0
1989,Sweden,216,7,0
1989,Switzerland,84,2,0
1989,Turkey,52,2,0
1989,Ukraine,0,0,0
1989,Wales,149,4,0
1989,Yugoslavia,164,6,0
1990,Albania,29,1,0
1990,Austria,112,0,0
1990,Belgium,141,0,0
1990,Bulgaria,126,2,0
1990,Croatia,0,0,0
1990,Czech Republic,0,0,0
1990,Czechoslovakia,171,3,0
1990,Denmark,231,7,0
1990,England,306,10,0
1990,Finland,118,1,0
1990,France,144,1,0
1990,Georgia,0,0,0
1990,Germany,208,2,0
1990,Greece,90,2,0
1990,Hungary,156,1,0
1990,Iceland,33,0,0
1990,Italy,129,4,0
1990,Latvia,0,0,0
1990,Netherlands,167,1,0
1990,North Macedonia,0,0,0
1990,Northern Ireland,142,4,0
1990,Norway,147,5,0
1990,Poland,113,0,0
1990,Portugal,112,2,0
1990,Republic of Ireland,90,0,0
1990,Romania,148,3,0
1990,Russia,206,3,0
1990,Scotland,218,11,0
1990,Serbia,0,0,0
1990,Slovakia,0,0,0
1990,Slovenia,0,0,0
1990,Spain,149,5,0
1990,Sweden,223,7,0
1990,Switzerland,88,2,0
1990,Turkey,56,2,0
1990,Ukraine,0,0,0
1990,Wales,151,4,0
1990,Yugoslavia,170,6,0
1991,Albania,29,1,0
1991,Austria,113,0,0
1991,Belgium,143,0,0
1991,Bulgaria,130,2,0
1991,Croatia,0,0,0
1991,Czech Republic,0,0,0
1991,Czechoslovakia,177,3,0
1991,Denmark,232,7,0
1991,England,313,10,0
1991,Finland,118,1,0
1991,France,149,1,0
1991,Georgia,0,0,0
1991,Germany,216,3,0
1991,Greece,90,2,0
1991,Hungary,157,1,0
1991,Iceland,37,0,0
1991,Italy,136,4,0
1991,Latvia,0,0,0
1991,Netherlands,171,1,0
1991,North Macedonia,0,0,0
1991,Northern Ireland,143,4,0
1991,Norway,147,5,0
1991,Poland,114,0,0
1991,Portugal,113,2,0
1991,Republic of Ireland,98,0,0
1991,Romania,151,3,0
1991,Russia,208,3,0
1991,Scotland,225,11,0
1991,Serbia,0,0,0
1991,Slovakia,0,0,0
1991,Slovenia,0,0,0
1991,Spain,165,6,0
1991,Sweden,224,7,0
1991,Switzerland,91,2,0
1991,Turkey,56,2,0
1991,Ukraine,0,0,0
1991,Wales,154,4,0
1991,Yugoslavia,181,6,0
1992,Albania,31,1,0
1992,Austria,115,0,0
1992,Belgium,144,0,0
1992,Bulgaria,134,2,0
1992,Croatia,0,0,0
1992,Czech Republic,0,0,0
1992,Czechoslovakia,184,3,0
1992,Denmark,241,7,1
1992,England,317,10,0
1992,Finland,120,1,0
1992,France,164,1,0
1992,Georgia,0,0,0
1992,Germany,222,3,0
1992,Greece,96,2,0
1992,Hungary,161,1,0
1992,Iceland,40,0,0
1992,Italy,144,4,0
1992,Latvia,0,0,0
1992,Netherlands,177,2,0
1992,North Macedonia,0,0,0
1992,Northern Ireland,147,4,0
1992,Norway,150,5,0
1992,Poland,121,0,0
1992,Portugal,117,2,0
1992,Republic of Ireland,105,0,0
1992,Romania,154,3,0
1992,Russia,217,3,0
1992,Scotland,228,11,0
1992,Serbia,0,0,0
1992,Slovakia,0,0,0
1992,Slovenia,0,0,0
1992,Spain,169,6,0
1992,Sweden,230,7,0
1992,Switzerland,96,2,0
1992,Turkey,57,2,0
1992,Ukraine,0,0,0
1992,Wales,157,4,0
1992,Yugoslavia,188,6,0
1993,Albania,32,1,0
1993,Austria,115,0,0
1993,Belgium,149,0,0
1993,Bulgaria,139,2,0
1993,Croatia,0,0,0
1993,Czech Republic,0,0,0
1993,Czechoslovakia,186,3,0
1993,Denmark,248,7,0
1993,England,323,10,0
1993,Finland,121,1,0
1993,France,170,1,0
1993,Georgia,0,0,0
1993,Germany,229,3,0
1993,Greece,98,2,0
1993,Hungary,162,1,0
1993,Iceland,42,0,0
1993,Italy,148,4,0
1993,Latvia,1,0,0
1993,Netherlands,189,3,0
1993,North Macedonia,0,0,0
1993,Northern Ireland,150,4,0
1993,Norway,153,5,0
1993,Poland,124,0,0
1993,Portugal,117,2,0
1993,Republic of Ireland,113,1,0
1993,Romania,160,3,0
1993,Russia,219,3,0
1993,Scotland,232,11,0
1993,Serbia,0,0,0
1993,Slovakia,0,0,0
1993,Slovenia,0,0,0
1993,Spain,177,6,0
1993,Sweden,239,7,0
1993,Switzerland,101,2,0
1993,Turkey,58,2,0
1993,Ukraine,0,0,0
1993,Wales,158,4,0
1993,Yugoslavia,188,6,0
1994,Albania,35,1,0
1994,Austria,124,0,0
1994,Belgium,150,0,0
1994,Bulgaria,149,2,0
1994,Croatia,0,0,0
1994,Czech Republic,8,0,0
1994,Czechoslovakia,186,3,0
1994,Denmark,258,7,0
1994,England,332,10,0
1994,Finland,126,1,0
1994,France,177,1,0
1994,Georgia,0,0,0
1994,Germany,231,4,0
1994,Greece,101,2,0
1994,Hungary,163,1,0
1994,Iceland,45,0,0
1994,Italy,155,4,0
1994,Latvia,2,0,0
1994,Netherlands,199,3,0
1994,North Macedonia,0,0,0
1994,Northern Ireland,158,4,0
1994,Norway,163,5,0
1994,Poland,127,0,0
1994,Portugal,125,2,0
1994,Republic of Ireland,123,1,0
1994,Romania,166,4,0
1994,Russia,227,3,0
1994,Scotland,234,11,0
1994,Serbia,0,0,0
1994,Slovakia,0,0,0
1994,Slovenia,0,0,0
1994,Spain,189,6,0
1994,Sweden,247,7,0
1994,Switzerland,104,2,0
1994,Turkey,64,2,0
1994,Ukraine,0,0,0
1994,Wales,164,4,0
1994,Yugoslavia,188,6,0
1995,Albania,37,1,0
1995,Austria,125,0,0
1995,Belgium,156,0,0
1995,Bulgaria,161,2,0
1995,Croatia,2,0,0
1995,Czech Republic,8,0,0
1995,Czechoslovakia,186,3,0
1995,Denmark,262,7,0
1995,England,332,10,0
1995,Finland,126,1,0
1995,France,177,1,0
1995,Georgia,6,0,0
1995,Germany,240,4,0
1995,Greece,106,3,0
1995,Hungary,165,1,0
1995,Iceland,45,0,0
1995,Italy,162,4,0
1995,Latvia,3,0,0
1995,Netherlands,202,3,0
1995,North Macedonia,2,0,0
1995,Northern Ireland,161,4,0
1995,Norway,164,5,0
1995,Poland,127,0,0
1995,Portugal,131,2,0
1995,Republic of Ireland,131,1,0
1995,Romania,172,4,0
1995,Russia,229,3,0
1995,Scotland,237,11,0
1995,Serbia,0,0,0
1995,Slovakia,2,0,0
1995,Slovenia,2,1,0
1995,Spain,203,6,0
1995,Sweden,261,7,0
1995,Switzerland,115,2,0
1995,Turkey,72,2,0
1995,Ukraine,0,0,0
1995,Wales,166,4,0
1995,Yugoslavia,188,6,0
1996,Albania,39,1,0
1996,Austria,142,0,0
1996,Belgium,163,0,0
1996,Bulgaria,173,2,0
1996,Croatia,11,0,0
1996,Czech Republic,14,0,0
1996,Czechoslovakia,186,3,0
1996,Denmark,267,7,0
1996,England,332,10,0
1996,Finland,129,1,0
1996,France,185,1,0
1996,Georgia,12,0,0
1996,Germany,254,4,1
1996,Greece,108,3,0
1996,Hungary,170,1,0
1996,Iceland,48,0,0
1996,Italy,169,4,0
1996,Latvia,11,0,0
1996,Netherlands,208,4,0
1996,North Macedonia,2,0,0
1996,Northern Ireland,170,4,0
1996,Norway,165,5,0
1996,Poland,135,0,0
1996,Portugal,139,2,0
1996,Republic of Ireland,137,1,0
1996,Romania,177,4,0
1996,Russia,243,3,0
1996,Scotland,239,11,0
1996,Serbia,0,0,0
1996,Slovakia,6,0,0
1996,Slovenia,6,1,0
1996,Spain,208,6,0
1996,Sweden,265,7,0
1996,Switzerland,123,2,0
1996,Turkey,80,2,0
1996,Ukraine,4,0,0
1996,Wales,170,4,0
1996,Yugoslavia,188,6,0
1997,Albania,39,1,0
1997,Austria,145,0,0
1997,Belgium,165,0,0
1997,Bulgaria,176,2,0
1997,Croatia,18,0,0
1997,Czech Republic,22,0,0
1997,Czechoslovakia,186,3,0
1997,Denmark,275,7,0
1997,England,344,10,0
1997,Finland,131,1,0
1997,France,190,1,0
1997,Georgia,12,0,0
1997,Germany,265,4,0
1997,Greece,112,3,0
1997,Hungary,171,1,0
1997,Iceland,50,0,0
1997,Italy,173,4,0
1997,Latvia,13,0,0
1997,Netherlands,224,4,0
1997,North Macedonia,3,0,0
1997,Northern Ireland,173,4,0
1997,Norway,169,5,0
1997,Poland,136,0,0
1997,Portugal,149,2,0
1997,Republic of Ireland,140,1,0
1997,Romania,185,4,0
1997,Russia,253,4,0
1997,Scotland,243,11,0
1997,Serbia,1,0,0
1997,Slovakia,7,0,0
1997,Slovenia,14,1,0
1997,Spain,218,6,0
1997,Sweden,267,7,0
1997,Switzerland,127,2,0
1997,Turkey,81,2,0
1997,Ukraine,7,0,0
1997,Wales,172,4,0
1997,Yugoslavia,188,6,0
1998,Albania,45,1,0
1998,Austria,149,0,0
1998,Belgium,177,0,0
1998,Bulgaria,179,2,0
1998,Croatia,31,0,0
1998,Czech Republic,27,0,0
1998,Czechoslovakia,186,3,0
1998,Denmark,283,7,0
1998,England,351,10,0
1998,Finland,135,1,0
1998,France,192,1,0
1998,Georgia,16,0,0
1998,Germany,278,4,0
1998,Greece,115,3,0
1998,Hungary,175,1,0
1998,Iceland,52,0,0
1998,Italy,181,4,0
1998,Latvia,16,0,0
1998,Netherlands,227,4,0
1998,North Macedonia,9,0,0
1998,Northern Ireland,175,4,0
1998,Norway,180,5,0
1998,Poland,143,1,0
1998,Portugal,153,2,0
1998,Republic of Ireland,149,1,0
1998,Romania,195,4,0
1998,Russia,261,5,0
1998,Scotland,248,11,0
1998,Serbia,20,0,0
1998,Slovakia,11,0,0
1998,Slovenia,18,1,0
1998,Spain,222,6,0
1998,Sweden,270,7,0
1998,Switzerland,131,2,0
1998,Turkey,90,2,0
1998,Ukraine,12,0,0
1998,Wales,179,4,0
1998,Yugoslavia,188,6,0
1999,Albania,49,1,0
1999,Austria,150,0,0
1999,Belgium,177,0,0
1999,Bulgaria,180,2,0
1999,Croatia,41,0,0
1999,Czech Republic,27,0,0
1999,Czechoslovakia,186,3,0
1999,Denmark,286,7,0
1999,England,353,10,0
1999,Finland,138,1,0
1999,France,201,2,0
1999,Georgia,22,0,0
1999,Germany,280,4,0
1999,Greece,120,3,0
1999,Hungary,177,1,0
1999,Iceland,57,0,0
1999,Italy,188,4,0
1999,Latvia,23,0,0
1999,Netherlands,230,4,0
1999,North Macedonia,11,0,0
1999,Northern Ireland,176,4,0
1999,Norway,186,5,0
1999,Poland,146,1,0
1999,Portugal,159,2,0
1999,Republic of Ireland,151,1,0
1999,Romania,199,4,0
1999,Russia,265,5,0
1999,Scotland,249,11,0
1999,Serbia,24,1,0
1999,Slovakia,16,1,0
1999,Slovenia,26,1,0
1999,Spain,228,6,0
1999,Sweden,273,7,0
1999,Switzerland,132,2,0
1999,Turkey,95,2,0
1999,Ukraine,15,0,0
1999,Wales,181,4,0
1999,Yugoslavia,188,6,0
2000,Albania,55,1,0
2000,Austria,151,0,0
2000,Belgium,177,0,0
2000,Bulgaria,181,2,0
2000,Croatia,45,0,0
2000,Czech Republic,32,0,0
2000,Czechoslovakia,186,3,0
2000,Denmark,294,7,0
2000,England,359,10,0
2000,Finland,146,1,0
2000,France,206,2,1
2000,Georgia,29,0,0
2000,Germany,291,4,0
2000,Greece,131,4,0
2000,Hungary,177,1,0
2000,Iceland,60,0,0
2000,Italy,196,4,0
2000,Latvia,32,0,0
2000,Netherlands,230,4,0
2000,North Macedonia,16,0,0
2000,Northern Ireland,177,4,0
2000,Norway,202,5,0
2000,Poland,149,1,0
2000,Portugal,164,2,0
2000,Republic of Ireland,156,1,0
2000,Romania,207,4,0
2000,Russia,270,5,0
2000,Scotland,253,11,0
2000,Serbia,34,1,0
2000,Slovakia,18,1,0
2000,Slovenia,37,1,0
2000,Spain,240,6,0
2000,Sweden,277,7,0
2000,Switzerland,137,2,0
2000,Turkey,103,2,0
2000,Ukraine,20,0,0
2000,Wales,181,4,0
2000,Yugoslavia,188,6,0
2001,Albania,58,1,0
2001,Austria,152,0,0
2001,Belgium,183,0,0
2001,Bulgaria,182,2,0
2001,Croatia,46,0,0
2001,Czech Republic,40,0,0
2001,Czechoslovakia,186,3,0
2001,Denmark,298,7,0
2001,England,364,10,0
2001,Finland,151,1,0
2001,France,219,2,0
2001,Georgia,30,0,0
2001,Germany,295,4,0
2001,Greece,132,4,0
2001,Hungary,179,1,0
2001,Iceland,65,1,0
2001,Italy,212,4,0
2001,Latvia,32,0,0
2001,Netherlands,245,4,0
2001,North Macedonia,16,0,0
2001,Northern Ireland,178,4,0
2001,Norway,206,5,0
2001,Poland,152,1,0
2001,Portugal,177,2,0
2001,Republic of Ireland,159,1,0
2001,Romania,214,4,0
2001,Russia,271,5,0
2001,Scotland,255,11,0
2001,Serbia,42,1,0
2001,Slovakia,20,1,0
2001,Slovenia,43,1,0
2001,Spain,248,6,0
2001,Sweden,282,7,0
2001,Switzerland,139,2,0
2001,Turkey,107,2,0
2001,Ukraine,22,0,0
2001,Wales,182,4,0
2001,Yugoslavia,188,6,0
2002,Albania,60,1,0
2002,Austria,152,0,0
2002,Belgium,192,0,0
2002,Bulgaria,190,2,0
2002,Croatia,52,0,0
2002,Czech Republic,52,0,0
2002,Czechoslovakia,186,3,0
2002,Denmark,309,7,0
2002,England,380,10,0
2002,Finland,162,2,0
2002,France,219,2,0
2002,Georgia,36,0,0
2002,Germany,311,4,0
2002,Greece,138,4,0
2002,Hungary,184,1,0
2002,Iceland,70,1,0
2002,Italy,217,4,0
2002,Latvia,35,0,0
2002,Netherlands,247,4,0
2002,North Macedonia,21,0,0
2002,Northern Ireland,186,4,0
2002,Norway,211,5,0
2002,Poland,161,1,0
2002,Portugal,180,2,0
2002,Republic of Ireland,161,1,0
2002,Romania,224,5,0
2002,Russia,279,5,0
2002,Scotland,259,11,0
2002,Serbia,50,2,0
2002,Slovakia,26,1,0
2002,Slovenia,52,1,0
2002,Spain,252,6,0
2002,Sweden,289,7,0
2002,Switzerland,141,2,0
2002,Turkey,121,3,0
2002,Ukraine,27,0,0
2002,Wales,187,4,0
2002,Yugoslavia,188,6,0
2003,Albania,63,1,0
2003,Austria,152,0,0
2003,Belgium,195,0,0
2003,Bulgaria,194,2,0
2003,Croatia,54,0,0
2003,Czech Republic,54,0,0
2003,Czechoslovakia,186,3,0
2003,Denmark,313,7,0
2003,England,388,10,0
2003,Finland,166,3,0
2003,France,224,2,0
2003,Georgia,37,0,0
2003,Germany,312,4,0
2003,Greece,138,4,0
2003,Hungary,186,1,0
2003,Iceland,70,1,0
2003,Italy,220,4,0
2003,Latvia,36,0,0
2003,Netherlands,250,4,0
2003,North Macedonia,24,0,0
2003,Northern Ireland,186,4,0
2003,Norway,214,5,0
2003,Poland,161,1,0
2003,Portugal,184,2,0
2003,Republic of Ireland,166,1,0
2003,Romania,224,5,0
2003,Russia,289,5,0
2003,Scotland,261,11,0
2003,Serbia,53,2,0
2003,Slovakia,27,1,0
2003,Slovenia,53,1,0
2003,Spain,261,6,0
2003,Sweden,291,7,0
2003,Switzerland,150,3,0
2003,Turkey,126,3,0
2003,Ukraine,29,0,0
2003,Wales,191,5,0
2003,Yugoslavia,188,6,0
2004,Albania,72,1,0
2004,Austria,155,0,0
2004,Belgium,199,0,0
2004,Bulgaria,196,2,0
2004,Croatia,62,0,0
2004,Czech Republic,65,0,0
2004,Czechoslovakia,186,3,0
2004,Denmark,321,7,0
2004,England,394,10,0
2004,Finland,170,3,0
2004,France,229,3,0
2004,Georgia,44,0,0
2004,Germany,318,4,0
2004,Greece,143,4,1
2004,Hungary,192,1,0
2004,Iceland,71,1,0
2004,Italy,229,4,0
2004,Latvia,44,0,0
2004,Netherlands,261,4,0
2004,North Macedonia,28,0,0
2004,Northern Ireland,186,4,0
2004,Norway,216,5,0
2004,Poland,165,1,0
2004,Portugal,184,2,0
2004,Republic of Ireland,173,1,0
2004,Romania,231,6,0
2004,Russia,301,6,0
2004,Scotland,266,11,0
2004,Serbia,58,2,0
2004,Slovakia,32,1,0
2004,Slovenia,54,1,0
2004,Spain,270,6,0
2004,Sweden,298,7,0
2004,Switzerland,158,3,0
2004,Turkey,134,3,0
2004,Ukraine,32,0,0
2004,Wales,194,5,0
2004,Yugoslavia,188,6,0
2005,Albania,74,1,0
2005,Austria,161,0,0
2005,Belgium,199,0,0
2005,Bulgaria,202,2,0
2005,Croatia,72,0,0
2005,Czech Republic,78,0,0
2005,Czechoslovakia,186,3,0
2005,Denmark,331,7,0
2005,England,410,10,0
2005,Finland,172,3,0
2005,France,236,3,0
2005,Georgia,49,0,0
2005,Germany,320,4,0
2005,Greece,152,4,0
2005,Hungary,197,2,0
2005,Iceland,75,1,0
2005,Italy,234,4,0
2005,Latvia,47,0,0
2005,Netherlands,275,4,0
2005,North Macedonia,31,0,0
2005,Northern Ireland,191,4,0
2005,Norway,224,6,0
2005,Poland,175,1,0
2005,Portugal,201,2,0
2005,Republic of Ireland,174,1,0
2005,Romania,238,6,0
2005,Russia,305,6,0
2005,Scotland,266,11,0
2005,Serbia,62,3,0
2005,Slovakia,38,2,0
2005,Slovenia,55,1,0
2005,Spain,274,6,0
2005,Sweden,313,7,0
2005,Switzerland,160,3,0
2005,Turkey,136,3,0
2005,Ukraine,39,1,0
2005,Wales,198,5,0
2005,Yugoslavia,188,6,0
2006,Albania,80,1,0
2006,Austria,169,0,0
2006,Belgium,199,0,0
2006,Bulgaria,209,2,0
2006,Croatia,83,0,0
2006,Czech Republic,93,0,0
2006,Czechoslovakia,186,3,0
2006,Denmark,344,7,0
2006,England,418,10,0
2006,Finland,185,3,0
2006,France,238,3,0
2006,Georgia,56,0,0
2006,Germany,320,4,0
2006,Greece,160,4,0
2006,Hungary,201,2,0
2006,Iceland,81,1,0
2006,Italy,238,4,0
2006,Latvia,51,0,0
2006,Netherlands,285,4,0
2006,North Macedonia,34,0,0
2006,Northern Ireland,194,4,0
2006,Norway,228,6,0
2006,Poland,181,1,0
2006,Portugal,207,2,0
2006,Republic of Ireland,174,1,0
2006,Romania,243,6,0
2006,Russia,308,6,0
2006,Scotland,272,11,0
2006,Serbia,63,3,0
2006,Slovakia,42,2,0
2006,Slovenia,57,1,0
2006,Spain,283,6,0
2006,Sweden,323,7,0
2006,Switzerland,165,3,0
2006,Turkey,151,4,0
2006,Ukraine,46,1,0
2006,Wales,201,5,0
2006,Yugoslavia,188,6,0
2007,Albania,81,1,0
2007,Austria,169,0,0
2007,Belgium,199,0,0
2007,Bulgaria,216,2,0
2007,Croatia,85,0,0
2007,Czech Republic,99,0,0
2007,Czechoslovakia,186,3,0
2007,Denmark,346,7,0
2007,England,421,10,0
2007,Finland,189,3,0
2007,France,249,3,0
2007,Georgia,59,0,0
2007,Germany,331,4,0
2007,Greece,161,4,0
2007,Hungary,202,2,0
2007,Iceland,85,1,0
2007,Italy,252,5,0
2007,Latvia,55,0,0
2007,Netherlands,289,4,0
2007,North Macedonia,34,0,0
2007,Northern Ireland,198,4,0
2007,Norway,232,6,0
2007,Poland,186,1,0
2007,Portugal,211,2,0
2007,Republic of Ireland,175,1,0
2007,Romania,249,7,0
2007,Russia,310,7,0
2007,Scotland,278,12,0
2007,Serbia,65,3,0
2007,Slovakia,48,2,0
2007,Slovenia,57,1,0
2007,Spain,290,6,0
2007,Sweden,330,7,0
2007,Switzerland,165,3,0
2007,Turkey,152,4,0
2007,Ukraine,51,1,0
2007,Wales,203,5,0
2007,Yugoslavia,188,6,0
2008,Albania,83,1,0
2008,Austria,169,0,0
2008,Belgium,203,0,0
2008,Bulgaria,222,2,0
2008,Croatia,90,0,0
2008,Czech Republic,107,0,0
2008,Czechoslovakia,186,3,0
2008,Denmark,357,7,0
2008,England,427,10,0
2008,Finland,191,3,0
2008,France,254,3,0
2008,Georgia,63,0,0
2008,Germany,337,4,0
2008,Greece,169,4,0
2008,Hungary,205,3,0
2008,Iceland,90,1,0
2008,Italy,260,5,0
2008,Latvia,62,0,0
2008,Netherlands,295,4,0
2008,North Macedonia,37,0,0
2008,Northern Ireland,204,4,0
2008,Norway,241,6,0
2008,Poland,192,1,0
2008,Portugal,221,2,0
2008,Republic of Ireland,181,1,0
2008,Romania,260,7,0
2008,Russia,315,7,0
2008,Scotland,285,12,0
2008,Serbia,73,3,0
2008,Slovakia,54,2,0
2008,Slovenia,58,1,0
2008,Spain,305,6,1
2008,Sweden,342,7,0
2008,Switzerland,165,3,0
2008,Turkey,163,4,0
2008,Ukraine,56,1,0
2008,Wales,210,5,0
2008,Yugoslavia,188,6,0
2009,Albania,83,1,0
2009,Austria,174,0,0
2009,Belgium,205,0,0
2009,Bulgaria,222,2,0
2009,Croatia,96,0,0
2009,Czech Republic,113,0,0
2009,Czechoslovakia,186,3,0
2009,Denmark,360,7,0
2009,England,431,10,0
2009,Finland,194,3,0
2009,France,260,3,0
2009,Georgia,64,0,0
2009,Germany,353,4,0
2009,Greece,173,4,0
2009,Hungary,208,3,0
2009,Iceland,94,1,0
2009,Italy,265,5,0
2009,Latvia,63,0,0
2009,Netherlands,310,4,0
2009,North Macedonia,39,0,0
2009,Northern Ireland,205,4,0
2009,Norway,243,6,0
2009,Poland,197,1,0
2009,Portugal,230,2,0
2009,Republic of Ireland,183,1,0
2009,Romania,263,7,0
2009,Russia,328,7,0
2009,Scotland,287,12,0
2009,Serbia,77,3,0
2009,Slovakia,59,3,0
2009,Slovenia,63,1,0
2009,Spain,319,6,0
2009,Sweden,347,7,0
2009,Switzerland,172,3,0
2009,Turkey,172,4,0
2009,Ukraine,56,1,0
2009,Wales,211,5,0
2009,Yugoslavia,188,6,0
2010,Albania,86,1,0
2010,Austria,178,0,0
2010,Belgium,207,0,0
2010,Bulgaria,230,2,0
2010,Croatia,99,0,0
2010,Czech Republic,118,0,0
2010,Czechoslovakia,186,3,0
2010,Denmark,367,7,0
2010,England,438,10,0
2010,Finland,199,3,0
2010,France,267,3,0
2010,Georgia,67,0,0
2010,Germany,357,4,0
2010,Greece,179,5,0
2010,Hungary,211,3,0
2010,Iceland,97,1,0
2010,Italy,272,5,0
2010,Latvia,67,0,0
2010,Netherlands,322,4,0
2010,North Macedonia,42,0,0
2010,Northern Ireland,210,4,0
2010,Norway,250,6,0
2010,Poland,200,1,0
2010,Portugal,237,2,0
2010,Republic of Ireland,191,1,0
2010,Romania,268,7,0
2010,Russia,336,7,0
2010,Scotland,291,12,0
2010,Serbia,87,3,0
2010,Slovakia,68,3,0
2010,Slovenia,70,1,0
2010,Spain,327,6,0
2010,Sweden,353,7,0
2010,Switzerland,176,3,0
2010,Turkey,173,4,0
2010,Ukraine,64,2,0
2010,Wales,213,5,0
2010,Yugoslavia,188,6,0
2011,Albania,87,1,0
2011,Austria,182,0,0
2011,Belgium,213,0,0
2011,Bulgaria,231,2,0
2011,Croatia,102,0,0
2011,Czech Republic,119,0,0
2011,Czechoslovakia,186,3,0
2011,Denmark,369,7,0
2011,England,447,10,0
2011,Finland,201,3,0
2011,France,269,3,0
2011,Georgia,69,0,0
2011,Germany,365,4,0
2011,Greece,181,5,0
2011,Hungary,213,3,0
2011,Iceland,99,1,0
2011,Italy,277,5,0
2011,Latvia,68,0,0
2011,Netherlands,332,4,0
2011,North Macedonia,42,0,0
2011,Northern Ireland,211,4,0
2011,Norway,253,6,0
2011,Poland,200,1,0
2011,Portugal,243,2,0
2011,Republic of Ireland,194,1,0
2011,Romania,269,7,0
2011,Russia,340,7,0
2011,Scotland,293,12,0
2011,Serbia,89,3,0
2011,Slovakia,75,3,0
2011,Slovenia,71,1,0
2011,Spain,333,7,0
2011,Sweden,356,7,0
2011,Switzerland,182,4,0
2011,Turkey,176,4,0
2011,Ukraine,64,2,0
2011,Wales,214,5,0
2011,Yugoslavia,188,6,0
2012,Albania,89,1,0
2012,Austria,185,0,0
2012,Belgium,217,0,0
2012,Bulgaria,232,2,0
2012,Croatia,109,0,0
2012,Czech Republic,122,0,0
2012,Czechoslovakia,186,3,0
2012,Denmark,376,7,0
2012,England,455,10,0
2012,Finland,202,3,0
2012,France,274,3,0
2012,Georgia,72,0,0
2012,Germany,379,4,0
2012,Greece,186,5,0
2012,Hungary,218,3,0
2012,Iceland,102,1,0
2012,Italy,283,5,0
2012,Latvia,70,0,0
2012,Netherlands,345,4,0
2012,North Macedonia,44,0,0
2012,Northern Ireland,212,4,0
2012,Norway,255,6,0
2012,Poland,200,1,0
2012,Portugal,250,2,0
2012,Republic of Ireland,207,2,0
2012,Romania,272,7,0
2012,Russia,342,7,0
2012,Scotland,302,12,0
2012,Serbia,93,3,0
2012,Slovakia,76,3,0
2012,Slovenia,72,1,0
2012,Spain,340,7,1
2012,Sweden,368,7,0
2012,Switzerland,187,4,0
2012,Turkey,180,4,0
2012,Ukraine,67,2,0
2012,Wales,220,5,0
2012,Yugoslavia,188,6,0
2013,Albania,91,1,0
2013,Austria,186,0,0
2013,Belgium,225,0,0
2013,Bulgaria,235,2,0
2013,Croatia,119,0,0
2013,Czech Republic,126,0,0
2013,Czechoslovakia,186,3,0
2013,Denmark,382,7,0
2013,England,462,10,0
2013,Finland,204,3,0
2013,France,279,3,0
2013,Georgia,73,0,0
2013,Germany,401,4,0
2013,Greece,194,5,0
2013,Hungary,222,3,0
2013,Iceland,106,1,0
2013,Italy,294,5,0
2013,Latvia,73,0,0
2013,Netherlands,357,4,0
2013,North Macedonia,47,0,0
2013,Northern Ireland,213,4,0
2013,Norway,258,6,0
2013,Poland,203,1,0
2013,Portugal,257,2,0
2013,Republic of Ireland,209,2,0
2013,Romania,274,7,0
2013,Russia,350,7,0
2013,Scotland,304,12,0
2013,Serbia,99,3,0
2013,Slovakia,78,3,0
2013,Slovenia,73,1,0
2013,Spain,354,7,0
2013,Sweden,377,7,0
2013,Switzerland,194,4,0
2013,Turkey,181,4,0
2013,Ukraine,70,2,0
2013,Wales,223,5,0
2013,Yugoslavia,188,6,0
2014,Albania,95,1,0
2014,Austria,192,0,0
2014,Belgium,235,0,0
2014,Bulgaria,236,2,0
2014,Croatia,127,0,0
2014,Czech Republic,128,0,0
2014,Czechoslovakia,186,3,0
2014,Denmark,388,7,0
2014,England,464,10,0
2014,Finland,206,3,0
2014,France,288,3,0
2014,Georgia,74,0,0
2014,Germany,412,4,0
2014,Greece,200,5,0
2014,Hungary,226,3,0
2014,Iceland,117,1,0
2014,Italy,299,5,0
2014,Latvia,75,0,0
2014,Netherlands,371,4,0
2014,North Macedonia,51,0,0
2014,Northern Ireland,216,4,0
2014,Norway,260,6,0
2014,Poland,204,1,0
2014,Portugal,266,3,0
2014,Republic of Ireland,212,2,0
2014,Romania,281,7,0
2014,Russia,350,7,0
2014,Scotland,310,12,0
2014,Serbia,111,3,0
2014,Slovakia,80,3,0
2014,Slovenia,82,1,0
2014,Spain,360,7,0
2014,Sweden,390,8,0
2014,Switzerland,203,4,0
2014,Turkey,184,4,0
2014,Ukraine,76,2,0
2014,Wales,229,5,0
2014,Yugoslavia,188,6,0
2015,Albania,100,1,0
2015,Austria,194,0,0
2015,Belgium,236,0,0
2015,Bulgaria,237,2,0
2015,Croatia,129,0,0
2015,Czech Republic,134,0,0
2015,Czechoslovakia,186,3,0
2015,Denmark,392,7,0
2015,England,470,10,0
2015,Finland,207,3,0
2015,France,293,3,0
2015,Georgia,75,0,0
2015,Germany,420,5,0
2015,Greece,201,5,0
2015,Hungary,229,3,0
2015,Iceland,126,1,0
2015,Italy,304,5,0
2015,Latvia,76,0,0
2015,Netherlands,383,5,0
2015,North Macedonia,52,0,0
2015,Northern Ireland,220,4,0
2015,Norway,262,6,0
2015,Poland,212,1,0
2015,Portugal,267,3,0
2015,Republic of Ireland,215,2,0
2015,Romania,287,7,0
2015,Russia,351,7,0
2015,Scotland,315,12,0
2015,Serbia,112,3,0
2015,Slovakia,85,3,0
2015,Slovenia,84,1,0
2015,Spain,367,7,0
2015,Sweden,392,8,0
2015,Switzerland,205,4,0
2015,Turkey,186,4,0
2015,Ukraine,77,2,0
2015,Wales,229,5,0
2015,Yugoslavia,188,6,0
2016,Albania,100,1,0
2016,Austria,199,0,0
2016,Belgium,236,0,0
2016,Bulgaria,239,2,0
2016,Croatia,138,0,0
2016,Czech Republic,141,0,0
2016,Czechoslovakia,186,3,0
2016,Denmark,397,7,0
2016,England,475,10,0
2016,Finland,211,3,0
2016,France,293,3,0
2016,Georgia,77,0,0
2016,Germany,430,5,0
2016,Greece,206,5,0
2016,Hungary,237,3,0
2016,Iceland,131,1,0
2016,Italy,310,5,0
2016,Latvia,81,0,0
2016,Netherlands,388,5,0
2016,North Macedonia,53,0,0
2016,Northern Ireland,227,4,0
2016,Norway,268,6,0
2016,Poland,222,1,0
2016,Portugal,273,3,1
2016,Republic of Ireland,220,2,0
2016,Romania,288,7,0
2016,Russia,352,7,0
2016,Scotland,320,12,0
2016,Serbia,116,3,0
2016,Slovakia,87,3,0
2016,Slovenia,89,1,0
2016,Spain,372,7,0
2016,Sweden,397,8,0
2016,Switzerland,208,4,0
2016,Turkey,194,4,0
2016,Ukraine,82,2,0
2016,Wales,230,5,0
2016,Yugoslavia,188,6,0
2017,Albania,103,1,0
2017,Austria,206,0,0
2017,Belgium,245,0,0
2017,Bulgaria,240,2,0
2017,Croatia,147,0,0
2017,Czech Republic,145,0,0
2017,Czechoslovakia,186,3,0
2017,Denmark,403,8,0
2017,England,483,10,0
2017,Finland,213,3,0
2017,France,313,3,0
2017,Georgia,79,0,0
2017,Germany,445,5,0
2017,Greece,206,5,0
2017,Hungary,247,3,0
2017,Iceland,145,1,0
2017,Italy,320,5,0
2017,Latvia,82,0,0
2017,Netherlands,389,5,0
2017,North Macedonia,56,0,0
2017,Northern Ireland,229,4,0
2017,Norway,269,6,0
2017,Poland,232,1,0
2017,Portugal,286,4,0
2017,Republic of Ireland,227,2,0
2017,Romania,290,7,0
2017,Russia,354,7,0
2017,Scotland,320,12,0
2017,Serbia,122,3,0
2017,Slovakia,93,3,0
2017,Slovenia,90,1,0
2017,Spain,384,7,0
2017,Sweden,403,8,0
2017,Switzerland,216,4,0
2017,Turkey,199,4,0
2017,Ukraine,86,2,0
2017,Wales,244,5,0
2017,Yugoslavia,188,6,0
2018,Albania,104,1,0
2018,Austria,211,0,0
2018,Belgium,248,0,0
2018,Bulgaria,246,2,0
2018,Croatia,155,0,0
2018,Czech Republic,147,0,0
2018,Czechoslovakia,186,3,0
2018,Denmark,413,9,0
2018,England,488,10,0
2018,Finland,218,3,0
2018,France,319,3,0
2018,Georgia,82,0,0
2018,Germany,456,5,0
2018,Greece,209,5,0
2018,Hungary,252,3,0
2018,Iceland,151,1,0
2018,Italy,324,5,0
2018,Latvia,83,0,0
2018,Netherlands,394,5,0
2018,North Macedonia,59,0,0
2018,Northern Ireland,234,4,0
2018,Norway,271,6,0
2018,Poland,235,1,0
2018,Portugal,296,5,0
2018,Republic of Ireland,231,2,0
2018,Romania,292,7,0
2018,Russia,354,7,0
2018,Scotland,326,12,0
2018,Serbia,130,3,0
2018,Slovakia,95,3,0
2018,Slovenia,92,1,0
2018,Spain,392,7,0
2018,Sweden,408,8,0
2018,Switzerland,226,4,0
2018,Turkey,204,4,0
2018,Ukraine,90,2,0
2018,Wales,247,5,0
2018,Yugoslavia,188,6,0
2019,Albania,104,1,0
2019,Austria,214,0,0
2019,Belgium,260,0,0
2019,Bulgaria,250,2,0
2019,Croatia,168,0,0
2019,Czech Republic,151,0,0
2019,Czechoslovakia,186,3,0
2019,Denmark,418,9,0
2019,England,497,10,0
2019,Finland,221,3,0
2019,France,328,4,0
2019,Georgia,86,0,0
2019,Germany,461,5,0
2019,Greece,212,5,0
2019,Hungary,256,3,0
2019,Iceland,153,1,0
2019,Italy,326,5,0
2019,Latvia,83,0,0
2019,Netherlands,402,5,0
2019,North Macedonia,59,0,0
2019,Northern Ireland,235,4,0
2019,Norway,274,6,0
2019,Poland,239,1,0
2019,Portugal,304,5,0
2019,Republic of Ireland,232,2,0
2019,Romania,294,7,0
2019,Russia,361,7,0
2019,Scotland,332,12,0
2019,Serbia,133,3,0
2019,Slovakia,100,3,0
2019,Slovenia,95,1,0
2019,Spain,408,7,0
2019,Sweden,415,9,0
2019,Switzerland,242,4,0
2019,Turkey,208,4,0
2019,Ukraine,95,2,0
2019,Wales,253,5,0
2019,Yugoslavia,188,6,0
2020,Albania,109,1,0
2020,Austria,228,0,0
2020,Belgium,274,0,0
2020,Bulgaria,252,2,0
2020,Croatia,182,0,0
2020,Czech Republic,155,0,0
2020,Czechoslovakia,186,3,0
2020,Denmark,429,9,0
2020,England,514,10,0
2020,Finland,224,3,0
2020,France,340,4,0
2020,Georgia,87,0,0
2020,Germany,474,5,0
2020,Greece,214,5,0
2020,Hungary,260,3,0
2020,Iceland,158,1,0
2020,Italy,335,5,0
2020,Latvia,85,1,0
2020,Netherlands,414,5,0
2020,North Macedonia,69,0,0
2020,Northern Ireland,237,4,0
2020,Norway,283,6,0
2020,Poland,251,1,0
2020,Portugal,314,6,0
2020,Republic of Ireland,236,2,0
2020,Romania,299,7,0
2020,Russia,369,7,0
2020,Scotland,333,12,0
2020,Serbia,138,3,0
2020,Slovakia,106,3,0
2020,Slovenia,107,1,0
2020,Spain,422,7,0
2020,Sweden,424,9,0
2020,Switzerland,252,4,0
2020,Turkey,215,4,0
2020,Ukraine,104,2,0
2020,Wales,259,5,0
2020,Yugoslavia,188,6,0
2021,Albania,109,1,0
2021,Austria,237,0,0
2021,Belgium,290,0,0
2021,Bulgaria,255,2,0
2021,Croatia,191,0,0
2021,Czech Republic,161,0,0
2021,Czechoslovakia,186,3,0
2021,Denmark,437,9,0
2021,England,521,10,0
2021,Finland,231,3,0
2021,France,352,4,0
2021,Georgia,89,0,0
2021,Germany,484,5,0
2021,Greece,214,5,0
2021,Hungary,272,3,0
2021,Iceland,164,1,0
2021,Italy,339,5,1
2021,Latvia,85,1,0
2021,Netherlands,418,5,0
2021,North Macedonia,72,1,0
2021,Northern Ireland,242,4,0
2021,Norway,296,6,0
2021,Poland,252,1,0
2021,Portugal,326,6,0
2021,Republic of Ireland,237,2,0
2021,Romania,308,7,0
2021,Russia,378,7,0
2021,Scotland,338,12,0
2021,Serbia,150,3,0
2021,Slovakia,110,3,0
2021,Slovenia,107,1,0
2021,Spain,435,7,0
2021,Sweden,429,9,0
2021,Switzerland,261,4,0
2021,Turkey,221,4,0
2021,Ukraine,109,2,0
2021,Wales,266,5,0
2021,Yugoslavia,188,6,0
2022,Albania,112,1,0
2022,Austria,244,0,0
2022,Belgium,310,0,0
2022,Bulgaria,259,2,0
2022,Croatia,205,0,0
2022,Czech Republic,170,0,0
2022,Czechoslovakia,186,3,0
2022,Denmark,456,9,0
2022,England,547,10,0
2022,Finland,234,3,0
2022,France,370,5,0
2022,Georgia,93,0,0
2022,Germany,505,5,0
2022,Greece,220,5,0
2022,Hungary,281,3,0
2022,Iceland,167,1,0
2022,Italy,361,5,0
2022,Latvia,89,1,0
2022,Netherlands,440,6,0
2022,North Macedonia,83,1,0
2022,Northern Ireland,243,4,0
2022,Norway,300,6,0
2022,Poland,267,1,0
2022,Portugal,338,6,0
2022,Republic of Ireland,241,2,0
2022,Romania,314,7,0
2022,Russia,386,7,0
2022,Scotland,344,12,0
2022,Serbia,158,3,0
2022,Slovakia,119,3,0
2022,Slovenia,113,1,0
2022,Spain,461,7,0
2022,Sweden,440,9,0
2022,Switzerland,279,4,0
2022,Turkey,236,4,0
2022,Ukraine,120,2,0
2022,Wales,274,5,0
2022,Yugoslavia,188,6,0
2023,Albania,114,1,0
2023,Austria,251,0,0
2023,Belgium,321,0,0
2023,Bulgaria,263,2,0
2023,Croatia,213,0,0
2023,Czech Republic,175,0,0
2023,Czechoslovakia,186,3,0
2023,Denmark,466,9,0
2023,England,555,10,0
2023,Finland,235,3,0
2023,France,382,5,0
2023,Georgia,103,0,0
2023,Germany,517,5,0
2023,Greece,224,6,0
2023,Hungary,289,3,0
2023,Iceland,170,1,0
2023,Italy,369,5,0
2023,Latvia,90,1,0
2023,Netherlands,454,6,0
2023,North Macedonia,85,1,0
2023,Northern Ireland,244,4,0
2023,Norway,307,6,0
2023,Poland,276,1,0
2023,Portugal,360,6,0
2023,Republic of Ireland,246,2,0
2023,Romania,316,7,0
2023,Russia,386,7,0
2023,Scotland,350,12,0
2023,Serbia,173,3,0
2023,Slovakia,119,3,0
2023,Slovenia,119,1,0
2023,Spain,470,7,0
2023,Sweden,448,9,0
2023,Switzerland,289,4,0
2023,Turkey,237,4,0
2023,Ukraine,125,2,0
2023,Wales,283,6,0
2023,Yugoslavia,188,6,0
2024,Albania,120,1,0
2024,Austria,259,0,0
2024,Belgium,329,0,0
2024,Bulgaria,268,2,0
2024,Croatia,228,0,0
2024,Czech Republic,180,0,0
2024,Czechoslovakia,186,3,0
2024,Denmark,474,9,0
2024,England,571,10,0
2024,Finland,243,3,0
2024,France,394,5,0
2024,Georgia,109,0,0
2024,Germany,517,5,0
2024,Greece,230,6,0
2024,Hungary,298,3,0
2024,Iceland,173,1,0
2024,Italy,383,5,0
2024,Latvia,92,1,0
2024,Netherlands,466,6,0
2024,North Macedonia,91,1,0
2024,Northern Ireland,248,4,0
2024,Norway,314,6,0
2024,Poland,279,1,0
2024,Portugal,367,6,0
2024,Republic of Ireland,248,2,0
2024,Romania,319,8,0
2024,Russia,386,7,0
2024,Scotland,361,12,0
2024,Serbia,178,3,0
2024,Slovakia,127,3,0
2024,Slovenia,129,1,0
2024,Spain,488,7,1
2024,Sweden,450,9,0
2024,Switzerland,291,4,0
2024,Turkey,248,4,0
2024,Ukraine,132,2,0
2024,Wales,290,6,0
2024,Yugoslavia,188,6,0
